Date,Open,High,Low,Close,Volume,ADV20,Return,Ticker,Index_Name,GICS_Sector,Event_Type,Open_IJR,Close_IJR,Volume_IJR,ADV20_IJR,strategy_2_n,strategy_2,strategy_2_md,strategy_2_n_etf,strategy_2_etf,strategy_2_md_etf,strategy_2_net,Volatility,Open_IJH,Close_IJH,Volume_IJH,ADV20_IJH,Open_SPY,Close_SPY,Volume_SPY,ADV20_SPY,Previous_Close
2024-09-24,19.93000031,20.04999924,19.06999969,19.29000092,6647200,7104225.0,-0.03694457,ADMA,S&P SmallCap 600,Health Care,Index Review,,,,,2.0,-0.0369445703698575,-0.0369445703698575,2.0,-0.0001599331583766,-0.0001599331583766,-0.0367846372114809,0.0396723883646102,62.42050455,62.29100037,5670300.0,7216645.0,,,,,20.03000069
2024-09-24,22.52000046,22.72999954,22.19499969,22.48999977,1721900,2220740.0,0.016726895,ADNT,S&P SmallCap 600,Consumer Discretionary,Index Review,,,,,2.0,0.0167268949344217,0.0167268949344217,2.0,-0.0001599331583766,-0.0001599331583766,0.0168868280927983,0.0255700790182711,62.42050455,62.29100037,5670300.0,7216645.0,,,,,22.12000084
2022-09-20,10.41944624,10.49591917,10.04664094,10.29517841,6933600,9495930.0,-0.027100263,AEO,S&P SmallCap 600,Consumer Discretionary,Index Review,,,,,2.0,-0.0271002634759611,-0.0271002634759611,2.0,-0.0162574597480281,-0.0162574597480281,-0.010842803727933,0.0309328372054139,46.14186396,45.78477097,3795000.0,4589950.0,,,,,10.5819521
2023-12-19,27.15999984741211,27.82999992370605,26.81999969482422,27.739999771118164,4889600,4114605.0,0.0258875307651655,ALKS,S&P SmallCap 600,Health Care,Index Review,,,,,2.0,0.0258875307651656,0.0258875307651656,2.0,0.0132013825579855,0.0132013825579855,0.0126861482071801,0.0251786146451253,54.51100999578354,54.96676635742188,6617500.0,9657100.0,,,,,27.040000915527344
2023-12-19,39.5,40.59000015258789,39.290000915527344,40.20000076293945,4155800,6032785.0,0.0236822076479481,ALK,S&P SmallCap 600,Industrials,Index Review,,,,,2.0,0.0236822076479482,0.0236822076479482,2.0,0.0132013825579855,0.0132013825579855,0.0104808250899627,0.039341423563926,54.51100999578354,54.96676635742188,6617500.0,9657100.0,,,,,39.27000045776367
2024-03-19,45.95377243521333,46.3203711054491,45.41873408645378,45.92404556274414,1362500,2720495.0,-0.0051513711620065,AL,S&P SmallCap 600,Industrials,Index Review,,,,,2.0,-0.0051513711620066,-0.0051513711620066,2.0,0.0078849254283053,0.0078849254283053,-0.0130362965903119,0.0154017852469475,57.68267154686309,58.25731658935547,5838400.0,6728560.0,,,,,46.161842346191406
2023-09-19,15.021063972554591,15.049017667310004,14.830038468010834,14.890606880187988,2118500,4515170.0,-0.0056006057366532,APLE,S&P SmallCap 600,Real Estate,Index Review,,,,,2.0,-0.0056006057366532,-0.0056006057366532,2.0,-0.0015590358780399,-0.0015590358780399,-0.0040415698586133,0.0163219250964028,50.41461312437849,50.30659103393555,4837000.0,6136275.0,,,,,14.974472999572754
2024-03-19,158.89909759524505,163.61429688650014,157.22323730026605,162.79620361328125,551800,845745.0,0.0202597207863364,ARCH,S&P SmallCap 600,Materials,Index Review,,,,,2.0,0.0202597207863363,0.0202597207863363,2.0,0.0078849254283053,0.0078849254283053,0.012374795358031,0.0272791127365801,57.68267154686309,58.25731658935547,5838400.0,6728560.0,,,,,159.56349182128906
2023-03-21,33.9879220684529,34.619249359786934,33.32832762487276,33.89369583129883,935100,1660050.0,0.040196649793331,AUB,S&P SmallCap 600,Financials,Index Review,,,,,2.0,0.0401966497933311,0.0401966497933311,2.0,0.017610041995627,0.017610041995627,0.0225866077977041,0.0368463886906527,47.7985004267712,47.89992141723633,4882500.0,7123775.0,,,,,32.58393096923828
2023-12-19,97.14265624688966,97.62921142578124,95.63333140001426,97.62921142578124,448800,943075.0,0.0116266512856826,AWI,S&P SmallCap 600,Industrials,Index Review,,,,,2.0,0.0116266512856826,0.0116266512856826,2.0,0.0132013825579855,0.0132013825579855,-0.0015747312723028,0.0163433691287888,54.51100999578354,54.96676635742188,6617500.0,9657100.0,,,,,96.50715637207033
2024-03-19,7.885339105684875,7.994857361499701,7.755907921812443,7.9450764656066895,4260000,10067940.0,0.0,BGC,S&P SmallCap 600,Financials,Index Review,,,,,2.0,0.0,0.0,2.0,0.0078849254283053,0.0078849254283053,-0.0078849254283053,0.0368815541028124,57.68267154686309,58.25731658935547,5838400.0,6728560.0,,,,,7.9450764656066895
2024-03-19,63.27999877929688,65.61000061035156,62.900001525878906,64.27999877929688,740500,1632110.0,0.0045319126929741,BL,S&P SmallCap 600,Information Technology,Index Review,,,,,2.0,0.0045319126929741,0.0045319126929741,2.0,0.0078849254283053,0.0078849254283053,-0.0033530127353312,0.0327153459863597,57.68267154686309,58.25731658935547,5838400.0,6728560.0,,,,,63.9900016784668
2024-03-19,29.0,29.229999542236328,28.64999961853028,28.790000915527344,3140400,4549805.0,-0.0116717560945618,BOX,S&P SmallCap 600,Information Technology,Index Review,,,,,2.0,-0.0116717560945618,-0.0116717560945618,2.0,0.0078849254283053,0.0078849254283053,-0.0195566815228671,0.0256903171162311,57.68267154686309,58.25731658935547,5838400.0,6728560.0,,,,,29.1299991607666
2023-09-19,20.099290070719714,20.30641007187842,19.97846883551121,20.18558883666992,1966900,4242670.0,0.0077552804000982,BXMT,S&P SmallCap 600,Financials,Index Review,,,,,2.0,0.0077552804000981,0.0077552804000981,2.0,-0.0015590358780399,-0.0015590358780399,0.009314316278138,0.0133435101221164,50.41461312437849,50.30659103393555,4837000.0,6136275.0,,,,,20.030248641967773
2024-03-19,33.81999969482422,34.56999969482422,33.70000076293945,34.209999084472656,716900,1337100.0,0.0094423045319369,CALX,S&P SmallCap 600,Information Technology,Index Review,,,,,2.0,0.0094423045319369,0.0094423045319369,2.0,0.0078849254283053,0.0078849254283053,0.0015573791036315,0.0174145049810026,57.68267154686309,58.25731658935547,5838400.0,6728560.0,,,,,33.88999938964844
2023-09-19,34.51015661776447,34.9445509340485,34.124027518312,34.568077087402344,630700,976430.0,0.0028005290097157,CATY,S&P SmallCap 600,Financials,Index Review,,,,,2.0,0.0028005290097158,0.0028005290097158,2.0,-0.0015590358780399,-0.0015590358780399,0.0043595648877557,0.0185758019600901,50.41461312437849,50.30659103393555,4837000.0,6136275.0,,,,,34.47153854370117
2023-03-21,104.38113389428324,105.05573490825364,101.81946811781005,102.51229858398438,502700,787195.0,-0.0096873295843455,CBRL,S&P SmallCap 600,Consumer Discretionary,Index Review,,,,,2.0,-0.0096873295843455,-0.0096873295843455,2.0,0.017610041995627,0.017610041995627,-0.0272973715799725,0.0186626397449162,47.7985004267712,47.89992141723633,4882500.0,7123775.0,,,,,103.51508331298828
2024-06-25,47.74466423392404,47.97178798565172,47.33979751896171,47.675540924072266,1471500,3419415.0,-0.0049464234986286,CMA,S&P SmallCap 600,Financials,Index Review,,,,,2.0,-0.0049464234986286,-0.0049464234986286,2.0,-0.009507669296684,-0.009507669296684,0.0045612457980554,0.0182386418814209,58.62506486935144,58.11701583862305,4540200.0,6426190.0,,,,,47.91253662109375
2024-09-24,361.7619956568356,367.29836180923024,359.2036812212735,366.7287292480469,154700,384730.0,0.0135613651647186,CSWI,S&P SmallCap 600,Industrials,Index Review,,,,,2.0,0.0135613651647187,0.0135613651647187,2.0,-0.0001599331464752,-0.0001599331464752,0.0137212983111938,0.035637975963789,62.4205045520363,62.29100036621094,5670300.0,7216645.0,,,,,361.8219299316406
2022-12-20,11.079999923706056,11.470000267028809,11.0600004196167,11.460000038146973,3383400,4277990.0,0.0342960394456224,CWK,S&P SmallCap 600,Real Estate,Index Review,,,,,2.0,0.0342960394456224,0.0342960394456224,2.0,0.0053465821505081,0.0053465821505081,0.0289494572951143,0.028047059007531,46.2459804336645,46.57559585571289,7595500.0,5846950.0,,,,,11.079999923706056
2023-03-21,97.33999633789062,97.79000091552734,95.91999816894533,97.08000183105467,442900,890110.0,0.0207128714968034,DY,S&P SmallCap 600,Industrials,Index Review,,,,,2.0,0.0207128714968034,0.0207128714968034,2.0,0.017610041995627,0.017610041995627,0.0031028295011764,0.0394761930126361,47.7985004267712,47.89992141723633,4882500.0,7123775.0,,,,,95.11000061035156
2023-09-19,32.37569957418037,33.13414595654112,32.37569957418037,32.84672164916992,835300,1201325.0,0.0127442054231265,ENR,S&P SmallCap 600,Consumer Staples,Index Review,,,,,2.0,0.0127442054231266,0.0127442054231266,2.0,-0.0015590358780399,-0.0015590358780399,0.0143032413011665,0.013961904928071,50.41461312437849,50.30659103393555,4837000.0,6136275.0,,,,,32.43338394165039
2024-09-24,55.68999862670898,56.13600158691406,54.75,55.02000045776367,2759800,5555310.0,0.0034652310845149,ETSY,S&P SmallCap 600,Consumer Discretionary,Index Review,,,,,2.0,0.0034652310845149,0.0034652310845149,2.0,-0.0001599331464752,-0.0001599331464752,0.0036251642309901,0.0225777508983218,62.4205045520363,62.29100036621094,5670300.0,7216645.0,,,,,54.83000183105469
2023-09-19,17.597959797409874,17.902048870791788,17.548911965584743,17.803955078125,2816100,8603610.0,0.0156686341909637,FL,S&P SmallCap 600,Consumer Discretionary,Index Review,,,,,2.0,0.0156686341909638,0.0156686341909638,2.0,-0.0015590358780399,-0.0015590358780399,0.0172276700690037,0.0729708044602891,50.41461312437849,50.30659103393555,4837000.0,6136275.0,,,,,17.529294967651367
2024-06-25,21.809999465942383,22.06999969482422,21.420000076293945,22.01000022888184,1737600,2406560.0,0.0022769192392424,GO,S&P SmallCap 600,Consumer Staples,Index Review,,,,,2.0,0.0022769192392424,0.0022769192392424,2.0,-0.009507669296684,-0.009507669296684,0.0117845885359263,0.0196023986699185,58.62506486935144,58.11701583862305,4540200.0,6426190.0,,,,,21.959999084472656
2023-09-19,23.16368762202803,23.3489978299039,22.496574054723304,22.570697784423828,1793800,2953325.0,-0.0224718664886881,HASI,S&P SmallCap 600,Financials,Index Review,,,,,2.0,-0.0224718664886881,-0.0224718664886881,2.0,-0.0015590358780399,-0.0015590358780399,-0.0209128306106482,0.0298268169008205,50.41461312437849,50.30659103393555,4837000.0,6136275.0,,,,,23.089563369750977
2023-03-21,5.119999885559082,5.289999961853027,5.070000171661377,5.090000152587891,11846800,16567850.0,0.0099206728399419,HBI,S&P SmallCap 600,Consumer Discretionary,Index Review,,,,,2.0,0.0099206728399418,0.0099206728399418,2.0,0.017610041995627,0.017610041995627,-0.0076893691556852,0.0207456483759157,47.7985004267712,47.89992141723633,4882500.0,7123775.0,,,,,5.039999961853027
2024-09-24,59.68999862670898,60.84999847412109,59.68999862670898,59.900001525878906,500300,782265.0,0.0053709245550479,HELE,S&P SmallCap 600,Consumer Discretionary,Index Review,,,,,2.0,0.005370924555048,0.005370924555048,2.0,-0.0001599331464752,-0.0001599331464752,0.0055308577015232,0.0154015860551135,62.4205045520363,62.29100036621094,5670300.0,7216645.0,,,,,59.58000183105469
2023-09-19,20.8294350715427,21.17920121687892,20.8294350715427,20.93988800048828,763400,1955890.0,0.0070828119897408,HIW,S&P SmallCap 600,Real Estate,Index Review,,,,,2.0,0.0070828119897408,0.0070828119897408,2.0,-0.0015590358780399,-0.0015590358780399,0.0086418478677807,0.0167073437033614,50.41461312437849,50.30659103393555,4837000.0,6136275.0,,,,,20.79261779785156
2022-09-20,11.239612894963924,11.329674242583735,10.942411650262672,11.050485610961914,3485300,4005420.0,-0.0315707005204672,HPP,S&P SmallCap 600,Real Estate,Index Review,,,,,2.0,-0.0315707005204672,-0.0315707005204672,2.0,-0.0162574598053055,-0.0162574598053055,-0.0153132407151616,0.0247630279213973,46.141863956707816,45.78477096557617,3795000.0,4589950.0,,,,,11.410730361938477
2024-06-25,3.839999914169312,3.839999914169312,3.619999885559082,3.680000066757202,6011700,11010815.0,-0.0539845841860576,HTZ,S&P SmallCap 600,Industrials,Index Review,,,,,2.0,-0.0539845841860576,-0.0539845841860576,2.0,-0.009507669296684,-0.009507669296684,-0.0444769148893736,0.0611661716640108,58.62506486935144,58.11701583862305,4540200.0,6426190.0,,,,,3.890000104904175
2024-06-25,29.75,29.950000762939453,28.71999931335449,28.81999969482422,1028700,1875470.0,-0.0338585394389887,IART,S&P SmallCap 600,Health Care,Index Review,,,,,2.0,-0.0338585394389887,-0.0338585394389887,2.0,-0.009507669296684,-0.009507669296684,-0.0243508701423047,0.0217017464626753,58.62506486935144,58.11701583862305,4540200.0,6426190.0,,,,,29.82999992370605
2024-09-24,217.9100036621093,217.9100036621093,207.6699981689453,207.72999572753903,624000,839380.0,-0.0414379156851067,INSP,S&P SmallCap 600,Health Care,Index Review,,,,,2.0,-0.0414379156851067,-0.0414379156851067,2.0,-0.0001599331464752,-0.0001599331464752,-0.0412779825386315,0.0346532320068427,62.4205045520363,62.29100036621094,5670300.0,7216645.0,,,,,216.7100067138672
2022-06-22,11.529999732971191,11.6899995803833,11.18000030517578,11.199999809265137,4223100,5319140.0,-0.0344828068146935,IRWD,S&P SmallCap 600,Health Care,Index Review,,,,,2.0,-0.0344828068146935,-0.0344828068146935,2.0,-0.0036132760498821,-0.0036132760498821,-0.0308695307648113,0.0222632436547365,42.665542438159626,43.11335372924805,7501500.0,8150700.0,,,,,11.600000381469728
2023-03-21,13.395612449133033,13.771353914465523,13.360530802279602,13.561787605285645,2394600,3316320.0,0.026554805994986,JBGS,S&P SmallCap 600,Real Estate,Index Review,,,,,2.0,0.0265548059949861,0.0265548059949861,2.0,0.017610041995627,0.017610041995627,0.0089447639993591,0.0224623326739982,47.7985004267712,47.89992141723633,4882500.0,7123775.0,,,,,13.210972785949709
2023-09-19,4.690000057220459,4.75,4.570000171661377,4.650000095367432,15614400,20394485.0,-0.0085287764104492,JBLU,S&P SmallCap 600,Industrials,Index Review,,,,,2.0,-0.0085287764104492,-0.0085287764104492,2.0,-0.0015590358780399,-0.0015590358780399,-0.0069697405324093,0.0233333894619319,50.41461312437849,50.30659103393555,4837000.0,6136275.0,,,,,4.690000057220459
2023-03-21,24.86562021081715,25.065919595843983,24.59855678975885,24.74162673950196,1139600,1668555.0,0.0212599084169911,KMT,S&P SmallCap 600,Industrials,Index Review,,,,,2.0,0.021259908416991,0.021259908416991,2.0,0.017610041995627,0.017610041995627,0.003649866421364,0.0242290817772588,47.7985004267712,47.89992141723633,4882500.0,7123775.0,,,,,24.226572036743164
2024-06-25,177.88999938964844,182.32000732421875,176.50999450683594,180.7100067138672,294900,619100.0,0.0137440383851088,KRYS,S&P SmallCap 600,Health Care,Index Review,,,,,2.0,0.0137440383851088,0.0137440383851088,2.0,-0.009507669296684,-0.009507669296684,0.0232517076817928,0.0264245892674679,58.62506486935144,58.11701583862305,4540200.0,6426190.0,,,,,178.25999450683594
2023-03-21,14.571783654493691,15.09569314014703,14.571783654493691,14.776019096374512,1486500,2849170.0,0.0309788476640815,KW,S&P SmallCap 600,Real Estate,Index Review,,,,,2.0,0.0309788476640816,0.0309788476640816,2.0,0.017610041995627,0.017610041995627,0.0133688056684545,0.0327514854732781,47.7985004267712,47.89992141723633,4882500.0,7123775.0,,,,,14.332029342651367
2023-09-19,18.25157949671948,18.36996894844604,17.797757342196725,17.83721923828125,3421500,5305155.0,-0.0136387449160971,LBRT,S&P SmallCap 600,Energy,Index Review,,,,,2.0,-0.0136387449160972,-0.0136387449160972,2.0,-0.0015590358780399,-0.0015590358780399,-0.0120797090380573,0.0209430797873082,50.41461312437849,50.30659103393555,4837000.0,6136275.0,,,,,18.083860397338867
2024-06-25,12.049331008000747,12.069246763138867,11.123225126899644,11.133183479309082,3323200,6154790.0,-0.0714284862050843,LEG,S&P SmallCap 600,Consumer Discretionary,Index Review,,,,,2.0,-0.0714284862050843,-0.0714284862050843,2.0,-0.009507669296684,-0.009507669296684,-0.0619208169084002,0.0361093881878806,58.62506486935144,58.11701583862305,4540200.0,6426190.0,,,,,11.989581108093262
2023-09-19,24.097830747182044,24.51362991333008,23.829872655296125,24.51362991333008,2363800,4226690.0,0.0211702783415985,LNC,S&P SmallCap 600,Financials,Index Review,,,,,2.0,0.0211702783415986,0.0211702783415986,2.0,-0.0015590358780399,-0.0015590358780399,0.0227293142196385,0.0230209405313807,50.41461312437849,50.30659103393555,4837000.0,6136275.0,,,,,24.005428314208984
2023-03-21,2.5,2.559999942779541,2.440000057220459,2.5199999809265137,36266200,52263025.0,0.0120481812348876,LUMN,S&P SmallCap 600,Communication Services,Index Review,,,,,2.0,0.0120481812348875,0.0120481812348875,2.0,0.017610041995627,0.017610041995627,-0.0055618607607395,0.0278647253815889,47.7985004267712,47.89992141723633,4882500.0,7123775.0,,,,,2.490000009536743
2022-09-20,30.436097128965045,30.538890782396905,28.940924655121503,29.49226951599121,654300,908115.0,-0.040729607774992,MCY,S&P SmallCap 600,Financials,Index Review,,,,,2.0,-0.0407296077749919,-0.0407296077749919,2.0,-0.0162574598053055,-0.0162574598053055,-0.0244721479696863,0.0251422275906591,46.141863956707816,45.78477096557617,3795000.0,4589950.0,,,,,30.74448013305664
2024-03-19,73.46939817043497,74.51811053848941,72.90546693785512,73.26163482666016,292900,834395.0,-0.00403486985517,MGEE,S&P SmallCap 600,Utilities,Index Review,,,,,2.0,-0.0040348698551701,-0.0040348698551701,2.0,0.0078849254283053,0.0078849254283053,-0.0119197952834754,0.0463515492716711,57.68267154686309,58.25731658935547,5838400.0,6728560.0,,,,,73.55843353271484
2024-03-19,23.99241477650366,24.43286928782595,23.99241477650366,24.31904411315918,2461700,5263065.0,0.0127782180983013,MGY,S&P SmallCap 600,Energy,Index Review,,,,,2.0,0.0127782180983014,0.0127782180983014,2.0,0.0078849254283053,0.0078849254283053,0.004893292669996,0.0096156927102729,57.68267154686309,58.25731658935547,5838400.0,6728560.0,,,,,24.012210845947266
2023-12-19,14.0,14.479999542236328,13.93000030517578,14.399999618530272,3712900,4514025.0,0.0329985690095926,MODG,S&P SmallCap 600,Consumer Discretionary,Index Review,,,,,2.0,0.0329985690095926,0.0329985690095926,2.0,0.0132013825579855,0.0132013825579855,0.0197971864516071,0.0341158702481933,54.51100999578354,54.96676635742188,6617500.0,9657100.0,,,,,13.9399995803833
2024-03-19,3.9513503452549408,4.136859564252835,3.923523741260824,4.081206798553467,9518500,23186285.0,0.0232558500978552,MPW,S&P SmallCap 600,Real Estate,Index Review,,,,,2.0,0.0232558500978553,0.0232558500978553,2.0,0.0078849254283053,0.0078849254283053,0.0153709246695499,0.035530704284259,57.68267154686309,58.25731658935547,5838400.0,6728560.0,,,,,3.9884519577026367
2024-09-24,14.989999771118164,16.21500015258789,14.81999969482422,16.0,8498400,4255025.0,0.1243851380676506,MP,S&P SmallCap 600,Materials,Index Review,,,,,2.0,0.1243851380676507,0.1243851380676507,2.0,-0.0001599331464752,-0.0001599331464752,0.1245450712141258,0.035383730004691,62.4205045520363,62.29100036621094,5670300.0,7216645.0,,,,,14.229999542236328
2022-09-20,56.225565884017385,56.225565884017385,54.35303222404504,54.93758010864258,231300,587445.0,-0.0366573778815964,MTX,S&P SmallCap 600,Materials,Index Review,,,,,2.0,-0.0366573778815964,-0.0366573778815964,2.0,-0.0162574598053055,-0.0162574598053055,-0.0203999180762908,0.0292259411234903,46.141863956707816,45.78477096557617,3795000.0,4589950.0,,,,,57.028079986572266
2023-12-19,92.5074417756219,93.27931506945669,91.95052148188388,93.2011489868164,125400,266795.0,0.0144634224483288,NHC,S&P SmallCap 600,Health Care,Index Review,,,,,2.0,0.0144634224483289,0.0144634224483289,2.0,0.0132013825579855,0.0132013825579855,0.0012620398903434,0.0258345025621564,54.51100999578354,54.96676635742188,6617500.0,9657100.0,,,,,91.8723602294922
2023-09-19,9.16546347876411,9.425407856392503,9.126952248432811,9.280994415283203,5897900,10400175.0,0.0158060206254435,NWL,S&P SmallCap 600,Consumer Discretionary,Index Review,,,,,2.0,0.0158060206254436,0.0158060206254436,2.0,-0.0015590358780399,-0.0015590358780399,0.0173650565034835,0.0254963175161281,50.41461312437849,50.30659103393555,4837000.0,6136275.0,,,,,9.136581420898438
2023-09-19,53.790000915527344,56.04999923706055,53.790000915527344,54.86000061035156,635900,947570.0,0.0187558433583958,OMCL,S&P SmallCap 600,Health Care,Index Review,,,,,2.0,0.0187558433583959,0.0187558433583959,2.0,-0.0015590358780399,-0.0015590358780399,0.0203148792364358,0.0241470887126557,50.41461312437849,50.30659103393555,4837000.0,6136275.0,,,,,53.84999847412109
2022-09-20,15.081312808432711,15.208473632029197,14.852422355796486,14.971105575561523,2409400,4128570.0,-0.0216063355748601,OUT,S&P SmallCap 600,Real Estate,Index Review,,,,,2.0,-0.0216063355748601,-0.0216063355748601,2.0,-0.0162574598053055,-0.0162574598053055,-0.0053488757695546,0.0268842574641793,46.141863956707816,45.78477096557617,3795000.0,4589950.0,,,,,15.301719665527344
2023-03-21,13.9007956189192,13.970448548950612,13.542578381157645,13.60228157043457,3217200,4192745.0,0.0029346843405426,PEB,S&P SmallCap 600,Real Estate,Index Review,,,,,2.0,0.0029346843405426,0.0029346843405426,2.0,0.017610041995627,0.017610041995627,-0.0146753576550844,0.0224560351553881,47.7985004267712,47.89992141723633,4882500.0,7123775.0,,,,,13.562479972839355
2024-06-25,18.68000030517578,18.989999771118164,18.18000030517578,18.26000022888184,5327700,9219500.0,-0.0558428084376998,PENN,S&P SmallCap 600,Consumer Discretionary,Index Review,,,,,2.0,-0.0558428084376998,-0.0558428084376998,2.0,-0.009507669296684,-0.009507669296684,-0.0463351391410158,0.064200635368525,58.62506486935144,58.11701583862305,4540200.0,6426190.0,,,,,19.34000015258789
2024-09-24,17.3799991607666,17.440000534057617,16.969999313354492,17.149999618530273,2612300,3474140.0,-0.002326987451111,PGNY,S&P SmallCap 600,Health Care,Index Review,,,,,2.0,-0.002326987451111,-0.002326987451111,2.0,-0.0001599331464752,-0.0001599331464752,-0.0021670543046358,0.0775451857542473,62.4205045520363,62.29100036621094,5670300.0,7216645.0,,,,,17.190000534057617
2023-09-19,21.096262697278643,21.22092162664037,20.890094529144594,21.105852127075195,1072900,3385180.0,0.0027333899935126,PINC,S&P SmallCap 600,Health Care,Index Review,,,,,2.0,0.0027333899935126,0.0027333899935126,2.0,-0.0015590358780399,-0.0015590358780399,0.0042924258715525,0.0288585636622566,50.41461312437849,50.30659103393555,4837000.0,6136275.0,,,,,21.04831886291504
2024-09-24,208.82000732421875,212.88999938964844,203.1490020751953,212.75,559700,698835.0,0.0220012579686803,PI,S&P SmallCap 600,Information Technology,Index Review,,,,,2.0,0.0220012579686803,0.0220012579686803,2.0,-0.0001599331464752,-0.0001599331464752,0.0221611911151555,0.0297531390704287,62.4205045520363,62.29100036621094,5670300.0,7216645.0,,,,,208.1699981689453
2023-12-19,99.55151228340934,100.1771900584144,98.7172853527266,98.83645629882812,276700,538710.0,0.002518311581277,PJT,S&P SmallCap 600,Financials,Index Review,,,,,2.0,0.0025183115812769,0.0025183115812769,2.0,0.0132013825579855,0.0132013825579855,-0.0106830709767085,0.0225373555265206,54.51100999578354,54.96676635742188,6617500.0,9657100.0,,,,,98.5881805419922
2023-09-19,73.07502589077762,73.7431317004358,71.94215660357816,71.98088073730469,636700,1073170.0,-0.0169268365418109,PZZA,S&P SmallCap 600,Consumer Discretionary,Index Review,,,,,2.0,-0.0169268365418109,-0.0169268365418109,2.0,-0.0015590358780399,-0.0015590358780399,-0.015367800663771,0.0147046396345404,50.41461312437849,50.30659103393555,4837000.0,6136275.0,,,,,73.22026824951172
2022-06-22,27.25,27.96999931335449,27.25,27.3799991607666,800700,1631130.0,-0.0061706018512428,RAMP,S&P SmallCap 600,Information Technology,Index Review,,,,,2.0,-0.0061706018512428,-0.0061706018512428,2.0,-0.0036132760498821,-0.0036132760498821,-0.0025573258013606,0.0410616921322041,42.665542438159626,43.11335372924805,7501500.0,8150700.0,,,,,27.549999237060547
2023-03-21,20.377705810743866,20.61554084503614,20.130357157335418,20.18743705749512,2052700,4287685.0,0.0138556028241891,RDN,S&P SmallCap 600,Financials,Index Review,,,,,2.0,0.0138556028241891,0.0138556028241891,2.0,0.017610041995627,0.017610041995627,-0.0037544391714379,0.0213960382044263,47.7985004267712,47.89992141723633,4882500.0,7123775.0,,,,,19.911550521850582
2024-06-25,64.40567941627442,64.78243405955693,63.6025937663052,63.88020324707031,1602300,3609910.0,-0.0130207750084105,RHI,S&P SmallCap 600,Industrials,Index Review,,,,,2.0,-0.0130207750084105,-0.0130207750084105,2.0,-0.009507669296684,-0.009507669296684,-0.0035131057117264,0.0102071952283341,58.62506486935144,58.11701583862305,4540200.0,6426190.0,,,,,64.72294616699219
2023-12-19,93.5,103.1510009765625,93.5,102.23999786376952,4710700,3715825.0,0.0937098223390915,SEDG,S&P SmallCap 600,Information Technology,Index Review,,,,,2.0,0.0937098223390914,0.0937098223390914,2.0,0.0132013825579855,0.0132013825579855,0.0805084397811059,0.0503821790957591,54.51100999578354,54.96676635742188,6617500.0,9657100.0,,,,,93.4800033569336
2023-12-19,35.78817698298266,36.0143106087658,35.473555960103646,35.92582321166992,1855700,3979575.0,0.0150000646652066,SEE,S&P SmallCap 600,Materials,Index Review,,,,,2.0,0.0150000646652066,0.0150000646652066,2.0,0.0132013825579855,0.0132013825579855,0.0017986821072211,0.0257425833275812,54.51100999578354,54.96676635742188,6617500.0,9657100.0,,,,,35.3948974609375
2022-12-20,74.59868476070544,76.75693405936413,74.34929233313487,76.68978881835938,514200,634060.0,0.0267110354222459,SJW,S&P SmallCap 600,Utilities,Index Review,,,,,2.0,0.0267110354222459,0.0267110354222459,2.0,0.0053465821505081,0.0053465821505081,0.0213644532717377,0.0202114243145654,46.2459804336645,46.57559585571289,7595500.0,5846950.0,,,,,74.69461822509766
2023-03-21,20.91698003250693,22.276363788206417,20.80296620850366,21.10992431640625,5149500,3749945.0,-0.0004150908087912,SLG,S&P SmallCap 600,Real Estate,Index Review,,,,,2.0,-0.0004150908087912,-0.0004150908087912,2.0,0.017610041995627,0.017610041995627,-0.0180251328044182,0.0311115777567487,47.7985004267712,47.89992141723633,4882500.0,7123775.0,,,,,21.118690490722656
2022-12-20,26.6299991607666,27.34000015258789,26.51000022888184,27.100000381469727,847500,1839320.0,0.0085597147395879,SMTC,S&P SmallCap 600,Information Technology,Index Review,,,,,2.0,0.008559714739588,0.008559714739588,2.0,0.0053465821505081,0.0053465821505081,0.0032131325890799,0.025024493947499,46.2459804336645,46.57559585571289,7595500.0,5846950.0,,,,,26.8700008392334
2024-06-25,43.98367964375825,45.09870168724157,43.8642139456787,45.0688362121582,711100,1349995.0,0.0209743260650405,STEP,S&P SmallCap 600,Financials,Index Review,,,,,2.0,0.0209743260650406,0.0209743260650406,2.0,-0.009507669296684,-0.009507669296684,0.0304819953617246,0.0305739239381633,58.62506486935144,58.11701583862305,4540200.0,6426190.0,,,,,44.14296722412109
2023-09-19,60.42214006269175,60.84160307919767,59.836844734236365,59.992923736572266,214900,618345.0,-0.0088637542437559,SXT,S&P SmallCap 600,Materials,Index Review,,,,,2.0,-0.0088637542437559,-0.0088637542437559,2.0,-0.0015590358780399,-0.0015590358780399,-0.007304718365716,0.0151797043920963,50.41461312437849,50.30659103393555,4837000.0,6136275.0,,,,,60.529441833496094
2024-06-25,94.3000030517578,94.91999816894533,91.5999984741211,92.19000244140624,1203200,1488925.0,-0.032125958620407,TDW,S&P SmallCap 600,Energy,Index Review,,,,,2.0,-0.0321259586204069,-0.0321259586204069,2.0,-0.009507669296684,-0.009507669296684,-0.0226182893237229,0.0412318956420275,58.62506486935144,58.11701583862305,4540200.0,6426190.0,,,,,95.25
2024-09-24,14.970000267028809,15.050000190734863,14.890000343322754,15.010000228881836,2329200,4283875.0,0.014874933576487,TGNA,S&P SmallCap 600,Communication Services,Index Review,,,,,2.0,0.0148749335764869,0.0148749335764869,2.0,-0.0001599331464752,-0.0001599331464752,0.015034866722962,0.0191128376589285,62.4205045520363,62.29100036621094,5670300.0,7216645.0,,,,,14.789999961853027
2024-09-24,23.25,23.549999237060547,22.68000030517578,23.309999465942383,2747800,4852435.0,0.0025806221910702,TGTX,S&P SmallCap 600,Health Care,Index Review,,,,,2.0,0.0025806221910702,0.0025806221910702,2.0,-0.0001599331464752,-0.0001599331464752,0.0027405553375454,0.0310802015771008,62.4205045520363,62.29100036621094,5670300.0,7216645.0,,,,,23.25
2023-03-21,41.93000030517578,44.01499938964844,41.720001220703125,43.709999084472656,1451700,1943610.0,0.0504685999355325,TNDM,S&P SmallCap 600,Health Care,Index Review,,,,,2.0,0.0504685999355324,0.0504685999355324,2.0,0.017610041995627,0.017610041995627,0.0328585579399054,0.0393931990509479,47.7985004267712,47.89992141723633,4882500.0,7123775.0,,,,,41.61000061035156
2023-09-19,16.15999984741211,16.420000076293945,16.139999389648438,16.280000686645508,2547900,3035245.0,0.0080496019310163,TRIP,S&P SmallCap 600,Communication Services,Index Review,,,,,2.0,0.0080496019310163,0.0080496019310163,2.0,-0.0015590358780399,-0.0015590358780399,0.0096086378090562,0.0163009194910774,50.41461312437849,50.30659103393555,4837000.0,6136275.0,,,,,16.149999618530273
2022-06-22,21.230268233070035,21.835814485709303,21.230268233070035,21.573713302612305,649100,1371020.0,-0.0020903377395732,TRN,S&P SmallCap 600,Industrials,Index Review,,,,,2.0,-0.0020903377395731,-0.0020903377395731,2.0,-0.0036132760498821,-0.0036132760498821,0.001522938310309,0.0292584181965453,42.665542438159626,43.11335372924805,7501500.0,8150700.0,,,,,21.61890411376953
2022-06-22,19.780000686645508,20.11000061035156,19.540000915527344,19.81999969482422,2211600,3913605.0,-0.009000015258789,URBN,S&P SmallCap 600,Consumer Discretionary,Index Review,,,,,2.0,-0.009000015258789,-0.009000015258789,2.0,-0.0036132760498821,-0.0036132760498821,-0.0053867392089069,0.0475226182027494,42.665542438159626,43.11335372924805,7501500.0,8150700.0,,,,,20.0
2024-06-25,23.356988346718605,23.356988346718605,22.736847431300458,22.87079620361328,1700500,2317245.0,-0.0216468540962804,VIRT,S&P SmallCap 600,Financials,Index Review,,,,,2.0,-0.0216468540962804,-0.0216468540962804,2.0,-0.009507669296684,-0.009507669296684,-0.0121391847995964,0.0299550741509536,58.62506486935144,58.11701583862305,4540200.0,6426190.0,,,,,23.3768310546875
2023-03-21,33.93000030517578,35.5,33.93000030517578,34.47999954223633,668600,1430870.0,0.0246656160095297,VSAT,S&P SmallCap 600,Information Technology,Index Review,,,,,2.0,0.0246656160095298,0.0246656160095298,2.0,0.017610041995627,0.017610041995627,0.0070555740139027,0.0340513843193773,47.7985004267712,47.89992141723633,4882500.0,7123775.0,,,,,33.650001525878906
2023-12-19,19.57890672666488,20.54196778580175,19.469695042022984,20.29375648498535,3205000,3158010.0,0.0449899373375701,VSTS,S&P SmallCap 600,Industrials,Index Review,,,,,2.0,0.04498993733757,0.04498993733757,2.0,0.0132013825579855,0.0132013825579855,0.0317885547795845,0.0220683927454042,54.51100999578354,54.96676635742188,6617500.0,9657100.0,,,,,19.4200496673584
2023-03-21,30.109713793874977,30.517242466634496,29.73061798468173,30.46037673950196,1002000,1488150.0,0.0534251798143547,WAFD,S&P SmallCap 600,Financials,Index Review,,,,,2.0,0.0534251798143547,0.0534251798143547,2.0,0.017610041995627,0.017610041995627,0.0358151378187276,0.0265326334590629,47.7985004267712,47.89992141723633,4882500.0,7123775.0,,,,,28.915557861328125
2024-06-25,35.17458023824356,35.17458023824356,34.4204827616076,34.82729721069336,697600,1377935.0,-0.0143219544173268,WERN,S&P SmallCap 600,Industrials,Index Review,,,,,2.0,-0.0143219544173268,-0.0143219544173268,2.0,-0.009507669296684,-0.009507669296684,-0.0048142851206427,0.0124760553498613,58.62506486935144,58.11701583862305,4540200.0,6426190.0,,,,,35.33333969116211
2024-06-25,51.23881545466323,52.037086339770354,50.88957479725713,51.6379508972168,732400,1851180.0,0.0032957775624751,WHD,S&P SmallCap 600,Energy,Index Review,,,,,2.0,0.003295777562475,0.003295777562475,2.0,-0.009507669296684,-0.009507669296684,0.012803446859159,0.0406592137447461,58.62506486935144,58.11701583862305,4540200.0,6426190.0,,,,,51.46832275390625
2024-09-24,8.380000114440918,8.65999984741211,8.109999656677246,8.199999809265137,6482500,10946680.0,0.0086100484426663,WOLF,S&P SmallCap 600,Information Technology,Index Review,,,,,2.0,0.0086100484426662,0.0086100484426662,2.0,-0.0001599331464752,-0.0001599331464752,0.0087699815891413,0.0641125295966142,62.4205045520363,62.29100036621094,5670300.0,7216645.0,,,,,8.130000114440918
2023-09-19,14.516360783583607,14.864386321904476,14.516360783583607,14.727007865905762,1164800,2490120.0,0.0190115255220619,XRX,S&P SmallCap 600,Information Technology,Index Review,,,,,2.0,0.0190115255220619,0.0190115255220619,2.0,-0.0015590358780399,-0.0015590358780399,0.0205705614001018,0.0194831234272087,50.41461312437849,50.30659103393555,4837000.0,6136275.0,,,,,14.452248573303224
2022-06-22,28.309999465942383,29.06999969482422,28.25,28.350000381469727,830100,1445750.0,-0.0083945354962314,YELP,S&P SmallCap 600,Communication Services,Index Review,,,,,2.0,-0.0083945354962315,-0.0083945354962315,2.0,-0.0036132760498821,-0.0036132760498821,-0.0047812594463494,0.0395286463725985,42.665542438159626,43.11335372924805,7501500.0,8150700.0,,,,,28.59000015258789
2024-09-24,32.75,33.30500030517578,32.59000015258789,32.959999084472656,1584800,2842335.0,0.0045717069461552,YOU,S&P SmallCap 600,Information Technology,Index Review,,,,,2.0,0.0045717069461553,0.0045717069461553,2.0,-0.0001599331464752,-0.0001599331464752,0.0047316400926305,0.0260739640834379,62.4205045520363,62.29100036621094,5670300.0,7216645.0,,,,,32.810001373291016
2024-09-24,50.59999847412109,50.650001525878906,49.27999877929688,49.43999862670898,436000,1010110.0,-0.0133706241365356,ZD,S&P SmallCap 600,Communication Services,Index Review,,,,,2.0,-0.0133706241365356,-0.0133706241365356,2.0,-0.0001599331464752,-0.0001599331464752,-0.0132106909900604,0.0208923395277731,62.4205045520363,62.29100036621094,5670300.0,7216645.0,,,,,50.11000061035156
2024-09-24,34.31999969482422,34.810001373291016,34.189998626708984,34.66999816894531,988700,2685380.0,0.0146327195432633,ZWS,S&P SmallCap 600,Industrials,Index Review,,,,,2.0,0.0146327195432633,0.0146327195432633,2.0,-0.0001599331464752,-0.0001599331464752,0.0147926526897384,0.0241067534143277,62.4205045520363,62.29100036621094,5670300.0,7216645.0,,,,,34.16999816894531
